{
    "macro_f1": 0.9022862348023039,
    "micro_f1": 0.9894065134733013,
    "accuracy": 0.9894065134733013
}