{
    "accuracy(micro_f1)": 0.9830921392022945,
    "macro_f1": 0.8221786686591331,
    "precision": 0.8185197454221627,
    "recall": 0.8305521582771309
}