{
    "macro_f1": 0.8008052709617881,
    "micro_f1": 0.983091420069433,
    "accuracy": 0.983091420069433
}