{
    "accuracy(micro_f1)": 0.9889765684200653,
    "macro_f1": 0.9047524695769646,
    "precision": 0.8943381642666122,
    "recall": 0.9160058441955535
}