{
    "accuracy(micro_f1)": 0.9830057486726712,
    "macro_f1": 0.8158405448157825,
    "precision": 0.8149111295875751,
    "recall": 0.8264161815664531
}