{
    "accuracy(micro_f1)": 0.9889173291997522,
    "macro_f1": 0.9051824549739603,
    "precision": 0.8922064312560806,
    "recall": 0.9194013476901262
}