{
    "macro_f1": 0.8987906788309588,
    "micro_f1": 0.9913506364688378,
    "accuracy": 0.9913506364688378
}